{"cameraMode":{"drawMode":0,"name":"Shaded","section":"Shading Mode"},"sceneLighting":false,"audioPlay":false,"sceneViewState":{"m_AlwaysRefresh":false,"showFog":true,"showSkybox":false,"showFlares":true,"showImageEffects":true,"showParticleSystems":true,"showVisualEffectGraphs":true,"m_FxEnabled":true},"in2DMode":false,"pivot":{"x":0.00000959634780883789,"y":0.84315425157547,"z":0.014843106269836426},"rotation":{"x":0.029166439548134805,"y":0.9695331454277039,"z":-0.19573567807674409,"w":0.14444875717163087},"size":1.3501298427581788,"orthographic":false}