{"cameraMode":{"drawMode":0,"name":"Shaded","section":"Shading Mode"},"sceneLighting":false,"audioPlay":false,"sceneViewState":{"m_AlwaysRefresh":false,"showFog":true,"showSkybox":false,"showFlares":true,"showImageEffects":true,"showParticleSystems":true,"showVisualEffectGraphs":true,"m_FxEnabled":true},"in2DMode":false,"pivot":{"x":-0.6805263757705689,"y":1.0064468383789063,"z":1.6104462146759034},"rotation":{"x":-0.0062537407502532009,"y":0.9859585165977478,"z":-0.03788807615637779,"w":-0.16265536844730378},"size":1.4251196384429932,"orthographic":false}