{"cameraMode":{"drawMode":0,"name":"Shaded","section":"Shading Mode"},"sceneLighting":false,"audioPlay":false,"sceneViewState":{"m_AlwaysRefresh":false,"showFog":true,"showSkybox":false,"showFlares":true,"showImageEffects":true,"showParticleSystems":true,"showVisualEffectGraphs":true,"m_FxEnabled":true},"in2DMode":false,"pivot":{"x":384.03338623046877,"y":523.6129150390625,"z":1320.3056640625},"rotation":{"x":-0.028481878340244294,"y":0.03178781270980835,"z":-0.0009051439119502902,"w":-0.9990941286087036},"size":1256.941650390625,"orthographic":false}